image_id,metric_outliers,quality_flags
cmu4rwlch08a6yclnlmo3jupn,,possibly_blurry
cmu4rwlbp08a1yclnxx3u1d3a,,possibly_blurry
cmu4rwlb2089wyclnijkjvv1j,,possibly_blurry
cmu4rwlag089ryclncwi6dsz7,,possibly_blurry
cmu4rwl9r089myclnuip3p2a1,,possibly_blurry
cmu4rwl92089hyclnbzxiixpm,,possibly_blurry
cmu4rwl8d089cyclnp7wrjsk3,,possibly_blurry
cmu4rwl7o0897yclnhh1ry2a3,,possibly_blurry
cmu4rwl6y0892yclncksnbdev,,possibly_blurry
cmu4rwl66088xyclnnmoylvuc,,possibly_blurry
cmu4rwl5c088sycln0arqwope,,possibly_blurry
cmu4rwl4m088nyclnfomi62j7,,possibly_blurry
cmu4rwl3t088iyclna9yjkqyj,,possibly_blurry
cmu4rwl32088dyclnzxvjdhgf,,possibly_blurry
cmu4rwl2a0888ycln2b2j5cx4,,possibly_blurry
cmu4rwl1f0883ycln8milstt7,,possibly_blurry
cmu4rwl0l087yyclngedhg5l6,,possibly_blurry
cmu4rwkzs087tyclne4vusehl,,possibly_blurry
cmu4rwkyw087oyclnfpht5iqx,,possibly_blurry
cmu4rwky5087jyclnkyzu1ea6,,possibly_blurry
cmu4rwkxe087eycln1b5nobht,,possibly_blurry
cmu4rwkwn0879ycln6utn1xki,,possibly_blurry
cmu4rwkvy0874yclnwfbm4dvo,,possibly_blurry
cmu4rwkv7086zycln3lwjv2cz,,possibly_blurry
cmu4rwkug086uycln25o8cnqc,,possibly_blurry
cmu4rwktq086pyclnnyukr029,,possibly_blurry
cmu4rwkt4086kyclnlm6c2rci,,possibly_blurry
cmu4rwksj086fyclnc0mpx36q,,possibly_blurry
cmu4rwkrq086ayclngtyv0lep,,possibly_blurry
cmu4rwkqy0865ycln7gaami56,,possibly_blurry
cmu4rwkq80860yclna02v2ulb,,possibly_blurry
cmu4rwkpi085vycln7w1jj6c6,,possibly_blurry
cmu4rwkot085qycln7uvt6ztc,,possibly_blurry
cmu4rwko0085lyclnyk9ftsbu,,possibly_blurry
cmu4rwkn9085gycln3jsv1nk7,,possibly_blurry
cmu4rwkmg085bycln8l8qztd9,,possibly_blurry
cmu4rwklp0856ycln15peiqx8,,possibly_blurry
cmu4rwkkz0851yclncbf39dab,,possibly_blurry
cmu4rwkk8084wyclnb79tjj56,,possibly_blurry
cmu4rwkjf084ryclnbq68ax1v,,possibly_blurry
cmu4rwkio084myclneugeg6z8,,possibly_blurry
cmu4rwkhx084hycln6es35cus,,possibly_blurry
cmu4rwkh7084cyclnpcgvcxr5,,possibly_blurry
cmu4rwkgh0847yclnqi7827j8,,possibly_blurry
cmu4rwkfl0842yclnttj1zowh,,possibly_blurry
cmu4rwkew083xyclnptn16sg4,,possibly_blurry
cmu4rwke4083sycln4ivbkr6v,,possibly_blurry
cmu4rwkdb083nyclnq7vrntj3,,possibly_blurry
cmu4rwkcg083iycln6gtmokp3,,possibly_blurry
cmu4rwkbn083dyclns8bzpbra,,possibly_blurry
cmu4rwkat0838yclnf9tcx7xi,,possibly_blurry
cmu4rwk9z0833yclntwvz7wpw,,possibly_blurry
cmu4rwk9a082yyclnv2ei1829,,possibly_blurry
cmu4rwk8k082tyclnyri6slyj,,possibly_blurry
cmu4rwk7y082oyclntd2ctbxp,,possibly_blurry
cmu4rwk74082jyclnjss3cwnx,,possibly_blurry
cmu4rwk6c082eycln33xcqr3k,,possibly_blurry
cmu4rwk5o0829yclnt2pgfzti,,possibly_blurry
cmu4rwk4y0824yclnovekqgb9,,possibly_blurry
cmu4rwk47081zyclnnzke0owy,,possibly_blurry
cmu4rwk3g081uyclnf3i5rtfs,,possibly_blurry
cmu4rwk2i081pyclnd4wj1jkz,,possibly_blurry
cmu4rwk1t081kyclnfuqpsiyv,,possibly_blurry
cmu4rwk17081fycln4ik1jci3,,possibly_blurry
cmu4rwk0d081ayclnezjxeteg,,possibly_blurry
cmu4rwjzt0815yclnu2oc47vj,,possibly_blurry
cmu4rwjz00810yclnw2rbwbfd,,possibly_blurry
cmu4rwjyg080vycln5edkvgg5,,possibly_blurry
cmu4rwjxn080qyclnz70fpwk1,,possibly_blurry
cmu4rwjwy080lyclnpd3z60ar,,possibly_blurry
cmu4rwjwe080gyclndjskfzbi,,possibly_blurry
cmu4rwjvt080byclnngfznxuy,,possibly_blurry
cmu4rwjv40806yclnr6no9ddz,,possibly_blurry
cmu4rwjul0801yclnlwm0u350,,possibly_blurry
cmu4rwju107zwyclnw3blh9ev,,possibly_blurry
cmu4rwjti07zryclnluc8o5em,,possibly_blurry
cmu4rwjsq07zmyclnbuygvgaa,,possibly_blurry
cmu4rwjs507zhyclnzy8scfk6,,possibly_blurry
cmu4rwjrj07zcyclncyg2i00i,,possibly_blurry
cmu4rwjqr07z7yclnj7tipra3,,possibly_blurry
cmu4rwjpo07yxyclnc7uzasa1,,possibly_blurry
cmu4rwjox07ysyclnkh55gv84,,possibly_blurry
cmu4rwjo807ynycln6d81cf2m,,possibly_blurry
cmu4rwjnm07yiycln3dyr7hl8,,possibly_blurry
cmu4rwjn107ydyclni513ci0s,,possibly_blurry
cmu4rwjmh07y8yclnf02ktgw2,,possibly_blurry
cmu4rwjly07y3yclnw1prhpfk,,possibly_blurry
cmu4rwjkg07xtycln2xs6ealk,aspect_ratio,possibly_blurry
cmu4rwjju07xoycln4ae4twie,,possibly_blurry
cmu4rwjj307xjycln4zq301ga,,possibly_blurry
cmu4rwji907xeycln4cjv2rq1,,possibly_blurry
cmu4rwjhh07x9ycln26uug2ai,,possibly_blurry
cmu4rwjgo07x4yclnfk8qwupo,,possibly_blurry
cmu4rwjfu07wzycln5t61839l,,possibly_blurry
cmu4rwjf507wuyclnckwrftcg,,possibly_blurry
cmu4rwjeb07wpyclnnr0iggeq,,possibly_blurry
cmu4rwjdi07wkyclnkfu5drql,,possibly_blurry
cmu4rwjct07wfyclnqyntndb9,,possibly_blurry
cmu4rwj5307wayclnix62ecmj,,possibly_blurry
cmu4rwj4f07w5ycln9l8iympl,,possibly_blurry
cmu4rwj3j07w0yclncqqwx6np,,possibly_blurry
cmu4rwj2207vqyclna6olkino,,possibly_blurry
cmu4rwj1907vlycln121gk0ks,,possibly_blurry
cmu4rwj0a07vgyclnft5v3no1,,possibly_blurry
cmu4rwizn07vbyclnjoqh85ra,,possibly_blurry
cmu4rwiz007v6ycln7mez7fg8,,possibly_blurry
cmu4rwiye07v1ycln0w8tkq6i,,possibly_blurry
cmu4rwixs07uwyclnj1k4695q,,possibly_blurry
cmu4rwix407uryclnck5lvi57,,possibly_blurry
cmu4rwiwe07umyclnd71lpzxy,,possibly_blurry
cmu4rwivr07uhyclnjto2tlp6,,possibly_blurry
cmu4rwiv707ucyclnew719ogt,,possibly_blurry
cmu4rwium07u7ycln7hrif7nw,,possibly_blurry
cmu4rwiu107u2yclnskgddh6n,,possibly_blurry
cmu4rwith07txycln3jwk515c,,possibly_blurry
cmu4rwisv07tsycln6snzscs5,,possibly_blurry
cmu4rwis707tnyclnf87r1dqq,,possibly_blurry
cmu4rwirk07tiycln6b2gp425,,possibly_blurry
cmu4rwiqp07tdyclnih961sre,,possibly_blurry
cmu4rwipz07t8yclnivkxdr57,,possibly_blurry
cmu4rwip807t3yclnh463r1nh,,possibly_blurry
cmu4rwioi07syyclnxtgc8n7n,,possibly_blurry
cmu4rwino07styclnbhj09eg0,,possibly_blurry
cmu4rwimx07soyclng3tqk2zh,,possibly_blurry
cmu4rwimc07sjyclnq7qel3bv,,possibly_blurry
cmu4rwilq07seycln5f1ve2t4,,possibly_blurry
cmu4rwikz07s9yclnw0euhfx8,,possibly_blurry
cmu4rwikd07s4yclnuhrsxwvk,,possibly_blurry
cmu4rwijt07rzyclnum1vqe8h,,possibly_blurry
cmu4rwij807ruyclngsvyyicn,,possibly_blurry
cmu4rwiim07rpycln0nzsf3t6,,possibly_blurry
cmu4rwihw07rkyclnt1uu6mok,,possibly_blurry
cmu4rwih907rfycln7uvilfmw,,possibly_blurry
cmu4rwigo07raycln85258kvm,,possibly_blurry
cmu4rwig307r5yclnqyyelwpa,,possibly_blurry
cmu4rwifg07r0yclnsc65zh3d,,possibly_blurry
cmu4rwiet07qvycln4deirtwz,,possibly_blurry
cmu4rwieb07qqyclnkf9wxvqq,,possibly_blurry
cmu4rwidk07qlyclndtmdhhrg,,possibly_blurry
cmu4rwid207qgyclnv27lnz1m,,possibly_blurry
cmu4rwicm07qbycln5szbiv35,,possibly_blurry
cmu4rwibx07q6yclnzqtmtk5b,,possibly_blurry
cmu4rwib807q1yclncd0wi2qp,,possibly_blurry
cmu4rwiak07pwycln97zopstv,,possibly_blurry
cmu4rwi9z07pryclnjzq0tydg,,possibly_blurry
cmu4rwi9i07pmycln3ua77qh1,,possibly_blurry
cmu4rwi9007phyclndelycml1,,possibly_blurry
cmu4rwi8d07pcyclnvn7n2nwu,,possibly_blurry
cmu4rwi7s07p7yclnq5npkhd5,,possibly_blurry
cmu4rwi7a07p2yclnslvym67k,,possibly_blurry
cmu4rwi6r07oxyclnmmul27zy,,possibly_blurry
cmu4rwi6a07osycln78wxngez,,possibly_blurry
cmu4rwi5g07onyclnd29g6uvi,,possibly_blurry
cmu4rwi4u07oiyclnwnajil8l,,possibly_blurry
cmu4rwi4407odyclnk5jber2a,,possibly_blurry
cmu4rwi3j07o8yclnvujlh3og,,possibly_blurry
cmu4rwi3107o3yclnqybsokpy,,possibly_blurry
cmu4rwi2l07nyyclnzu10z3w9,,possibly_blurry
cmu4rwi1u07ntycln85uux5xv,,possibly_blurry
cmu4rwi1d07noyclnzii7q52i,,possibly_blurry
cmu4rwi0v07njyclnlhynevlp,,possibly_blurry
cmu4rwi0707neyclneq7iqxek,,possibly_blurry
cmu4rwhzh07n9yclnrsh1bcsz,,possibly_blurry
cmu4rwhyu07n4ycln5owyfgzo,,possibly_blurry
cmu4rwhy907mzycln7c6g63ki,,unusually_high_contrast;possibly_blurry
cmu4rwhxo07muyclnl3kw9ygs,,possibly_blurry
cmu4rwhx207mpycln2gwmyz13,,possibly_blurry
cmu4rwhwa07mkyclnbst4cm39,,possibly_blurry
cmu4rwhvo07mfyclnqkt7e9dj,,possibly_blurry
cmu4rwhuy07mayclnet1cfx66,,possibly_blurry
cmu4rwhu907m5yclnp0ma8mqj,,possibly_blurry
cmu4rwhti07m0yclntn2pfeca,,possibly_blurry
cmu4rwhsu07lvyclnyy1a5rvd,,possibly_blurry
cmu4rwhs707lqyclnd5nealam,,possibly_blurry
cmu4rwhrl07llyclnusm2q61q,,possibly_blurry
cmu4rwhr107lgyclnuzewmb9n,,possibly_blurry
cmu4rwhqi07lbyclnkpyqx0qj,,possibly_blurry
cmu4rwhpx07l6yclnz38uksmd,,possibly_blurry
cmu4rwhpb07l1yclne1zxahmj,,possibly_blurry
cmu4rwhoo07kwycln781xjss5,,possibly_blurry
cmu4rwhnz07kryclncztc1jjc,,possibly_blurry
cmu4rwhn607kmyclnnc45kky0,,possibly_blurry
cmu4rwhmn07khycln20b61jij,,possibly_blurry
cmu4rwhm507kcyclnk89vpvgk,,possibly_blurry
cmu4rwhld07k7yclnkbkmodd3,,possibly_blurry
cmu4rwhkq07k2ycln5vh8js15,,possibly_blurry
cmu4rwhk207jxyclnlqtywkrx,,possibly_blurry
cmu4rwhjg07jsyclnyh1aln6y,,possibly_blurry
cmu4rwhir07jnycln5zi4z6hl,,possibly_blurry
cmu4rwhi107jiycln34qpq1l6,,possibly_blurry
cmu4rwhhf07jdyclnby5d2ws3,,possibly_blurry
cmu4rwhgv07j8yclnfa4q3uk3,,possibly_blurry
cmu4rwhgc07j3yclnfqlckmry,aspect_ratio,possibly_blurry
cmu4rwhfu07iyycln2kv0ecrf,,possibly_blurry
cmu4rwhfb07ityclnz5c84zyr,,possibly_blurry
cmu4rwheo07ioycln8csl28xc,,possibly_blurry
cmu4rwhdx07ijyclnl185uz07,,possibly_blurry
